group_id,parent_name,parent_kana,child_id,child_name,relation_type,is_representative
1,大雪山,だいせつさん,35,旭岳,AREA_TO_PEAK,1
2,有珠山,うすざん,110,大有珠,AREA_TO_PEAK,1
3,駒ヶ岳,こまがたけ,117,剣ヶ峯,AREA_TO_PEAK,1
4,八甲田山,はっこうださん,156,大岳,AREA_TO_PEAK,1
5,戸来岳,へらいだけ,159,三ッ岳,AREA_TO_PEAK,1
6,岩手山,いわてさん,171,薬師岳,AREA_TO_PEAK,1
7,駒ヶ岳,こまがたけ,173,男女岳,AREA_TO_PEAK,1
8,鳥海山,ちょうかいさん,185,新山,AREA_TO_PEAK,1
9,甑山,こしきやま,187,男甑山,AREA_TO_PEAK,1
10,加無山,かぶやま,188,男加無山,AREA_TO_PEAK,1
11,蔵王山,ざおうざん,212,熊野岳,AREA_TO_PEAK,1
12,吾妻山,あづまやま,219,西吾妻山,AREA_TO_PEAK,1
13,朝日岳,あさひだけ,237,大朝日岳,AREA_TO_PEAK,1
14,筑波山,つくばさん,263,女体山,AREA_TO_PEAK,1
15,那須岳,なすだけ,265,茶臼岳,AREA_TO_PEAK,1
16,高原山,たかはらやま,268,釈迦ヶ岳,AREA_TO_PEAK,1
17,赤城山,あかぎやま,279,黒檜山,AREA_TO_PEAK,1
18,七ヶ岳,ななつがたけ,283,一番岳,AREA_TO_PEAK,1
19,燧ヶ岳,ひうちがたけ,294,柴安嵓,AREA_TO_PEAK,1
20,武尊山,ほたかやま,296,沖武尊,AREA_TO_PEAK,1
21,守門岳,すもんだけ,300,袴岳,AREA_TO_PEAK,1
22,八海山,はっかいさん,305,入道岳,AREA_TO_PEAK,1
23,谷川岳,たにがわだけ,315,オキノ耳,MAIN_TO_SUB_PEAK,1
23,谷川岳,たにがわだけ,17839,トマノ耳,MAIN_TO_SUB_PEAK,0
24,榛名山,はるなさん,338,掃部ヶ岳,AREA_TO_PEAK,1
25,妙義山,みょうぎさん,340,相馬岳,AREA_TO_PEAK,1
26,清澄山,きよすみやま,377,妙見山,AREA_TO_PEAK,1
27,鹿野山,かのうざん,378,白鳥峰,AREA_TO_PEAK,1
28,富士山,ふじさん,396,剣ヶ峯,AREA_TO_PEAK,1
29,愛鷹山,あしたかやま,397,越前岳,AREA_TO_PEAK,1
30,箱根山,はこねやま,400,神山,AREA_TO_PEAK,1
31,天城山,あまぎさん,404,万三郎岳,AREA_TO_PEAK,1
32,三原山,みはらやま,407,三原新山,AREA_TO_PEAK,1
33,美ヶ原,うつくしがはら,440,王ヶ頭,AREA_TO_PEAK,1
34,霧ヶ峰,きりがみね,442,車山,AREA_TO_PEAK,1
35,八ヶ岳,やつがたけ,450,赤岳,AREA_TO_PEAK,1
36,鹿島槍ヶ岳,かしまやりがたけ,472,南峰,MAIN_TO_SUB_PEAK,1
36,鹿島槍ヶ岳,かしまやりがたけ,2281,北峰,MAIN_TO_SUB_PEAK,0
37,立山,たてやま,502,大汝山,AREA_TO_PEAK,1
38,大滝山,おおたきやま,529,北峰,MAIN_TO_SUB_PEAK,1
38,大滝山,おおたきやま,28755,南峰,MAIN_TO_SUB_PEAK,0
39,穂高岳,ほたかだけ,539,奥穂高岳,AREA_TO_PEAK,1
40,乗鞍岳,のりくらだけ,546,剣ヶ峰,AREA_TO_PEAK,1
41,御嶽山,おんたけさん,549,剣ヶ峰,AREA_TO_PEAK,1
42,鳳凰山,ほうおうざん,585,観音ヶ岳,AREA_TO_PEAK,1
43,荒川岳,あらかわだけ,615,中岳,AREA_TO_PEAK,1
44,聖岳,ひじりだけ,623,前聖岳,AREA_TO_PEAK,1
45,池口岳,いけぐちだけ,628,北峰,MAIN_TO_SUB_PEAK,1
45,池口岳,いけぐちだけ,27977,南峰,MAIN_TO_SUB_PEAK,0
46,竜爪山,りゅうそうざん,648,薬師岳,AREA_TO_PEAK,1
47,金剛堂山,こんごうどうざん,663,中金剛,AREA_TO_PEAK,1
48,医王山,いおうぜん,674,奥医王山,AREA_TO_PEAK,1
49,白山,はくさん,683,御前峰,AREA_TO_PEAK,1
50,比良山,ひらさん,719,武奈ヶ岳,AREA_TO_PEAK,1
51,比叡山,ひえいざん,722,大比叡,AREA_TO_PEAK,1
52,二上山,にじょうさん,734,雄岳,MAIN_TO_SUB_PEAK,1
52,二上山,にじょうさん,10163,雌岳,MAIN_TO_SUB_PEAK,0
53,大台ヶ原山,おおだいがはらさん,753,日出ヶ岳,AREA_TO_PEAK,1
54,那智山,なちさん,774,烏帽子山,AREA_TO_PEAK,1
55,蒜山,ひるぜん,830,上蒜山,AREA_TO_PEAK,1
56,大山,だいせん,832,剣ヶ峰,AREA_TO_PEAK,1
57,三瓶山,さんべさん,846,男三瓶山,AREA_TO_PEAK,1
58,野呂山,のろさん,854,膳棚山,AREA_TO_PEAK,1
59,嶮岨山,けんそざん,884,星ヶ城山,AREA_TO_PEAK,1
60,石鎚山,いしづちさん,929,天狗岳,AREA_TO_PEAK,1
61,くじゅう連山,くじゅうれんざん,967,中岳,AREA_TO_PEAK,1
62,黒岳,くろだけ,968,高塚山,AREA_TO_PEAK,1
63,阿蘇山,あそさん,973,高岳,AREA_TO_PEAK,1
64,根子岳,ねこだけ,974,天狗峰,MAIN_TO_SUB_PEAK,1
64,根子岳,ねこだけ,21910,東峰,MAIN_TO_SUB_PEAK,0
64,根子岳,ねこだけ,22667,西峰,MAIN_TO_SUB_PEAK,0
64,根子岳,ねこだけ,22649,南峰,MAIN_TO_SUB_PEAK,0
65,釈迦岳,しゃかだけ,979,普賢岳,AREA_TO_PEAK,1
66,雲仙岳,うんぜんだけ,991,平成新山,AREA_TO_PEAK,1
67,御岳,みたけ,994,雄岳,AREA_TO_PEAK,1
68,霧島山,きりしまやま,1020,韓国岳,AREA_TO_PEAK,1
69,高隈山,たかくまやま,1023,大箆柄岳,AREA_TO_PEAK,1
70,桜島,さくらじま,1027,御岳,AREA_TO_PEAK,1
71,金峯山,きんぽうざん,1031,本岳,AREA_TO_PEAK,1
72,曽我山,そがやま,1293,不動山,AREA_TO_PEAK,1
73,三ッ峰,みつみね,1923,中峰,AREA_TO_PEAK,1
74,二子山,ふたごやま,2063,雄岳,MAIN_TO_SUB_PEAK,1
74,二子山,ふたごやま,28741,雌岳,MAIN_TO_SUB_PEAK,0
75,金洞山,こんどうざん,2456,西岳,MAIN_TO_SUB_PEAK,1
75,金洞山,こんどうざん,21402,東岳,MAIN_TO_SUB_PEAK,0
76,鏡台山,きょうだいやま,2561,北峰,MAIN_TO_SUB_PEAK,1
76,鏡台山,きょうだいやま,21818,南峰,MAIN_TO_SUB_PEAK,0
77,二ッ岳,ふたつだけ,2574,雄岳,MAIN_TO_SUB_PEAK,1
78,鹿田山,しかだやま,2709,八王子山,AREA_TO_PEAK,1
79,岩山,いわやま,2788,一番岩,AREA_TO_PEAK,1
80,荒倉山,あらくらやま,2945,砂鉢山,AREA_TO_PEAK,1
81,双子山,ふたごやま,3703,西峰,MAIN_TO_SUB_PEAK,1
81,双子山,ふたごやま,28733,東峰,MAIN_TO_SUB_PEAK,0
82,鎌房山,かまぶさやま,4804,上岳,MAIN_TO_SUB_PEAK,1
82,鎌房山,かまぶさやま,4802,下岳,MAIN_TO_SUB_PEAK,0
83,片羽山,かたばやま,5737,雄岳,MAIN_TO_SUB_PEAK,1
83,片羽山,かたばやま,5738,雌岳,MAIN_TO_SUB_PEAK,0
84,七ッ森,ななつもり,6310,生森,AREA_TO_PEAK,1
85,文殊山,もんじゅさん,7293,大文殊,AREA_TO_PEAK,1
86,ドンデン山,どんでんやま,8568,タダラ峰,AREA_TO_PEAK,1
87,戸中山,とちゅうやま,9049,前黒法師山,AREA_TO_PEAK,1
88,鶏冠山,とさかやま,9230,南峰,MAIN_TO_SUB_PEAK,0
88,鶏冠山,とさかやま,28713,北峰,MAIN_TO_SUB_PEAK,1
89,二ッ塚,ふたつづか,9254,上塚,AREA_TO_PEAK,1
90,金峰山,きんぷさん,10133,青根ヶ峰,AREA_TO_PEAK,1
91,秋吉台,あきよしだい,11311,龍護峰,AREA_TO_PEAK,1
92,牛頭山,うしずやま,11892,西峰,MAIN_TO_SUB_PEAK,1
92,牛頭山,うしずやま,28742,東峰,MAIN_TO_SUB_PEAK,0
93,五段高原,ごだんこうげん,12936,五段城,AREA_TO_PEAK,1
94,七宝山,しっぽうさん,13517,真平山,AREA_TO_PEAK,1
95,屋島,やしま,13740,南嶺,MAIN_TO_SUB_PEAK,1
95,屋島,やしま,13739,北嶺,MAIN_TO_SUB_PEAK,0
96,眉山,まゆやま,15055,七面山,AREA_TO_PEAK,1
97,二上山,ふたがみやま,15132,男岳,MAIN_TO_SUB_PEAK,1
97,二上山,ふたがみやま,21715,女岳,MAIN_TO_SUB_PEAK,0
98,四王寺山,しおうじやま,15625,大城山,AREA_TO_PEAK,1
99,杵島山,きしまやま,16186,犬山岳,AREA_TO_PEAK,1
100,香春岳,かわらだけ,16758,三ノ岳,AREA_TO_PEAK,1
101,七ッ森,ななつもり,17665,笹倉山,AREA_TO_PEAK,1
102,三峰山,みつみねやま,17864,後閑峰,AREA_TO_PEAK,1
103,二子山,ふたごやま,18031,上二子山,AREA_TO_PEAK,1
104,中山仙境,なかやませんきょう,18555,夷耶馬,AREA_TO_PEAK,1
105,大洞山,おおぼらやま,18716,雄岳,MAIN_TO_SUB_PEAK,1
105,大洞山,おおぼらやま,8808,雌岳,MAIN_TO_SUB_PEAK,0
106,桑谷山,くわたにやま,19197,西峰,MAIN_TO_SUB_PEAK,1
106,桑谷山,くわたにやま,28746,東峰,MAIN_TO_SUB_PEAK,0
107,トクマ山,とくまやま,19818,西峰,MAIN_TO_SUB_PEAK,0
107,トクマ山,とくまやま,28747,東峰,MAIN_TO_SUB_PEAK,1
108,深沢山,ふかざわやま,20635,東峰,MAIN_TO_SUB_PEAK,0
108,深沢山,ふかざわやま,28748,西峰,MAIN_TO_SUB_PEAK,1
109,室生山,むろうざん,21044,西峰,MAIN_TO_SUB_PEAK,1
109,室生山,むろうざん,28749,東峰,MAIN_TO_SUB_PEAK,0
110,月出山岳,かんとうだけ,23157,三番坊主,AREA_TO_PEAK,1
111,三ツ岳,みつだけ,28744,Ⅲ峰,MAIN_TO_SUB_PEAK,0
111,三ツ岳,みつだけ,18152,Ⅱ峰,MAIN_TO_SUB_PEAK,1
111,三ツ岳,みつだけ,28743,Ⅰ峰,MAIN_TO_SUB_PEAK,0
112,鳥居沢山,とりいざわやま,28751,南峰,MAIN_TO_SUB_PEAK,0
112,鳥居沢山,とりいざわやま,23248,北峰,MAIN_TO_SUB_PEAK,1
113,枯山,かれやま,28752,南峰,MAIN_TO_SUB_PEAK,1
113,枯山,かれやま,24079,北峰,MAIN_TO_SUB_PEAK,0
