src_char,dst_char
罒,㓁
𦉰,㓁
幮,㡡
纑,䋆
鼃,䵷
弌,一
萬,万
𠀋,丈
弎,三
丄,上
丅,下
與,与
丒,丑
丗,世
卋,世
坵,丘
两,両
兩,両
傡,並
竝,並
乘,乗
椉,乗
亂,乱
乹,乾
龜,亀
豫,予
爭,争
亊,事
叓,事
弍,二
亙,亘
亞,亜
焏,亟
兦,亡
亯,享
亰,京
佛,仏
仭,仞
彴,仢
假,仮
傠,伐
牫,伐
會,会
倅,伜
傳,伝
侐,伵
佀,似
怔,佂
竚,佇
仾,低
躰,体
軆,体
骵,体
體,体
餘,余
做,作
侫,佞
儞,你
倂,併
價,価
侮,侮
矦,侯
爼,俎
悓,俔
侠,俠
訫,信
㑨,俣
俢,修
𠈓,倆
倐,倏
傹,倞
剚,倳
俱,倶
儉,倹
賰,偆
僀,偙
徤,健
傯,偬
僞,偽
仐,傘
僃,備
俲,傚
徱,僄
僲,僊
仂,働
僭,僣
僧,僧
俦,儔
㑪,儕
侭,儘
儹,儧
𠑊,儼
灮,光
炗,光
兊,兌
免,免
兔,兎
莵,兎
兒,児
黨,党
兠,兜
丌,其
兾,冀
冋,冂
圓,円
冄,冉
册,冊
剮,冎
叧,冎
囧,冏
冐,冒
冩,写
寫,写
㝡,冣
寃,冤
羃,冪
冱,冴
沍,冴
洌,冽
淒,凄
凛,凜
凢,凡
處,処
尲,凲
尶,凲
櫈,凳
凾,函
刅,刀
刄,刃
苅,刈
鬀,剃
尅,剋
剷,剗
剥,剝
剱,剣
劍,剣
劒,剣
劔,剣
釼,剣
𠝏,剣
劑,剤
剩,剰
劄,剳
箚,剳
戧,創
刘,劉
㓛,功
伮,努
刧,劫
勵,励
勞,労
效,効
敕,勅
勈,勇
勉,勉
㔟,勢
勤,勤
勸,勧
勛,勲
勳,勲
匀,勻
匇,匆
匞,匠
匩,匡
滙,匯
區,区
醫,医
芔,卉
卑,卑
卆,卒
桌,卓
單,単
嘽,単
巵,卮
夘,卯
卽,即
皍,即
卻,却
賉,卹
厈,厂
庬,厖
垕,厚
厡,原
廁,厠
廈,厦
廚,厨
橱,厨
廏,厩
廐,厩
廝,厮
嚴,厳
厺,去
參,参
叅,参
雙,双
收,収
敍,叙
敘,叙
壡,叡
睿,叡
樷,叢
藂,叢
䑓,台
坮,台
臺,台
號,号
仝,同
呑,吞
呍,吽
吴,呉
咒,呪
詍,呭
咊,和
龢,和
咜,咤
喎,咼
胭,咽
啠,哲
喆,哲
嚞,哲
羋,哶
脣,唇
誯,唱
嘊,啀
諬,啓
啗,啖
唖,啞
瘂,啞
咯,喀
譱,善
趯,喊
㐂,喜
憙,喜
喝,喝
喻,喩
噄,喫
營,営
齅,嗅
呩,嗜
謰,嗹
嘆,嘆
呕,嘔
甞,嘗
譁,嘩
嘨,嘯
囑,嘱
嘘,噓
噐,器
器,器
譟,噪
嚔,嚏
噛,嚙
齩,嚙
嚢,囊
亖,四
囘,回
顖,囟
囙,因
團,団
圍,囲
圖,図
囶,国
圀,国
國,国
圑,圃
圈,圏
圡,土
𡈽,土
壓,圧
杇,圬
阯,址
阪,坂
陂,坡
堃,坤
墌,坧
垧,坰
埀,垂
畡,垓
陻,垔
陖,埈
埓,埒
𡉻,埣
墮,堕
埞,堤
尭,堯
塲,場
塀,塀
壘,塁
畾,塁
凷,塊
畻,塍
塐,塑
墖,塔
塚,塚
填,塡
壎,塤
鹽,塩
𦣪,塩
壍,塹
增,増
墨,墨
墪,墩
壞,壊
壤,壌
𡋤,壗
𡉴,壚
罎,壜
壠,壟
壯,壮
聲,声
壹,壱
賣,売
壷,壺
變,変
夓,夏
夛,多
夣,夢
梦,夢
叏,夬
竒,奇
柰,奈
弉,奘
奧,奥
嶴,奥
奬,奨
獎,奨
匲,奩
匳,奩
姙,妊
玅,妙
媸,妛
娤,妝
妒,妬
嬭,妳
娒,姆
姊,姉
乨,始
兘,始
娰,姒
姧,姦
妷,姪
妍,姸
婣,姻
娄,婁
壻,婿
聟,婿
嬝,嫋
姮,嫦
嫰,嫩
嫻,嫺
孃,嬢
嫐,嬲
學,学
斅,学
斈,学
孼,孽
𡧃,宇
垨,守
冝,宜
宐,宜
寚,宝
寳,宝
寶,宝
實,実
冦,寇
宼,寇
冨,富
庽,寓
甯,寗
寬,寛
寢,寝
寍,寧
宷,審
䆿,寱
𫳭,寵
對,対
壽,寿
專,専
將,将
叞,尉
尟,尠
尣,尢
尩,尫
㞍,尻
盡,尽
凥,居
屆,届
屏,屛
屬,属
屡,屢
層,層
屮,屮
崗,岡
嵒,岩
𡶒,岪
嶽,岳
㟁,岸
𡶜,岸
岭,岺
峽,峡
峩,峨
峯,峰
㠀,島
嶋,島
嶌,島
嶹,島
㟢,崎
埼,崎
嵜,崎
碕,崎
﨑,崎
𥔎,崎
崐,崑
厓,崖
崕,崖
崘,崙
嵇,嵆
篏,嵌
嵳,嵯
岴,嶇
嶤,嶢
𡸳,嶢
𡵸,嶧
𡸴,嶮
雟,嶲
巖,巌
巗,巌
巢,巣
衖,巷
卷,巻
迊,帀
㠶,帆
伖,帑
絈,帕
帶,帯
歸,帰
皈,帰
賬,帳
冃,帽
帮,幇
幫,幇
縨,幌
旘,幟
幤,幣
秊,年
并,幷
榦,幹
么,幺
廰,庁
廳,庁
廣,広
菴,庵
葊,庵
廢,廃
廊,廊
鄽,廛
庿,廟
厰,廠
迪,廸
廽,廻
𢌞,廻
瓣,弁
辧,弁
辨,弁
辯,弁
挊,弄
挵,弄
貮,弐
貳,弐
彌,弥
弻,弼
彈,弾
弯,彎
彐,彑
當,当
篲,彗
彛,彜
彝,彜
蒦,彠
份,彬
斌,彬
髴,彿
徃,往
徰,征
徑,径
逕,径
狥,徇
佷,很
佪,徊
从,従
從,従
傜,徭
德,徳
悳,徳
𢛳,徳
徵,徴
忄,心
恾,忙
應,応
悴,忰
悑,怖
恖,思
恠,怪
忩,怱
悤,怱
戀,恋
恆,恒
耻,恥
愙,恪
惠,恵
恡,悋
猂,悍
悔,悔
愂,悖
忢,悟
恱,悦
惱,悩
惡,悪
懼,惧
慘,惨
憁,愡
媿,愧
聭,愧
愼,慎
慙,慚
慨,慨
憎,憎
慿,憑
嫶,憔
癄,憔
憗,憖
惮,憚
憇,憩
懷,懐
褱,懐
𢡛,懣
懧,懦
懲,懲
懴,懺
戞,戛
戰,戦
剹,戮
戲,戯
戾,戻
揠,扎
拂,払
捍,扞
扨,扠
拔,抜
擇,択
擡,抬
擔,担
拕,拖
抅,拘
拜,拝
據,拠
挄,拡
擴,拡
拏,拿
擧,挙
舉,挙
挾,挟
插,挿
揷,挿
搜,捜
埽,掃
𢰤,掎
擑,接
匊,掬
揭,掲
柬,揀
搖,揺
掻,搔
擕,携
攜,携
攝,摂
掴,摑
揔,摠
擵,摩
擊,撃
𢭐,撈
撑,撐
𫝼,撥
𢮦,撿
撡,操
𢭏,擣
攊,擽
攟,攈
𭢯,攘
攅,攢
挛,攣
捁,攪
撹,攪
爴,攫
擥,攬
勄,敏
敏,敏
贁,敗
僘,敞
數,数
旉,敷
歝,斁
亝,斉
斊,斉
齊,斉
齋,斎
酙,斟
斷,断
斵,斲
旈,旒
旛,旙
既,既
舊,旧
𦾔,旧
㫖,旨
暀,旺
曻,昇
昦,昊
朙,明
昬,昏
暘,昜
昺,昞
皨,星
暎,映
旾,春
昰,是
晝,昼
旹,時
晄,晃
晉,晋
曬,晒
晠,晟
晣,晢
旿,晤
曟,晨
晚,晩
𣆶,晩
暜,普
晳,晰
暒,晴
曉,暁
暑,暑
皥,暤
厯,暦
曆,暦
昿,曠
㬢,曦
曵,曳
曺,曹
曾,曽
冣,最
朖,朗
朗,朗
朞,期
𪱨,朧
夲,本
秫,朮
杦,杉
檆,杉
邨,村
槓,杠
條,条
來,来
徠,来
盃,杯
枩,松
柗,松
梥,松
桝,枡
樞,枢
栧,枻
栢,柏
匛,柩
栁,柳
桺,柳
柹,柿
杤,栃
櫔,栃
𣜜,栃
榮,栄
荣,栄
捿,栖
𣑥,栲
桒,桑
櫻,桜
棧,桟
檔,档
樃,桹
樑,梁
槱,梄
楳,梅
槑,梅
梅,梅
棃,梨
檳,梹
弃,棄
棊,棋
檱,棋
椶,棕
栖,棲
槨,椁
桘,椎
檢,検
槶,椢
葚,椹
橢,楕
枏,楠
榆,楡
牃,楪
檝,楫
樓,楼
樂,楽
槩,概
槪,概
牓,榜
橊,榴
醘,榼
槀,槁
槙,槇
㮶,槊
构,構
樣,様
櫳,槞
㯍,槳
櫁,樒
權,権
橫,横
𣓤,橈
槗,橋
𣘺,橋
槖,橐
櫽,檃
簷,檐
蘗,檗
桧,檜
梼,檮
耰,櫌
罍,櫑
欑,櫕
檪,櫟
欞,櫺
欗,欄
欄,欄
﨔,欅
圝,欒
栾,欒
𣠽,欛
𣠤,欟
缺,欠
缼,欠
俽,欣
惞,欣
歐,欧
歘,欻
欵,款
歡,歓
欤,歟
步,歩
齒,歯
亗,歳
歷,歴
歺,歹
歾,歿
殁,歿
殘,残
殲,殱
毆,殴
煞,殺
殺,殺
壳,殻
殼,殻
每,毎
夶,比
毗,毘
毮,毟
毡,氈
氊,氈
气,気
氣,気
炁,気
冰,氷
汙,汚
汴,汳
决,決
沉,沈
冲,沖
沒,没
澤,沢
沲,沱
况,況
佱,法
灋,法
坭,泥
冺,泯
夳,泰
𣳾,泰
汹,洶
淨,浄
淺,浅
濱,浜
濵,浜
澣,浣
澔,浩
海,海
𣵀,涅
泪,涙
淚,涙
漄,涯
凅,涸
凉,涼
湽,淄
婬,淫
㳃,淬
湻,淳
囦,淵
渊,淵
渕,淵
沗,添
𣷹,添
渴,渇
濟,済
涉,渉
歮,渋
澀,渋
澁,渋
嵠,渓
溪,渓
磎,渓
谿,渓
𧮾,渓
渚,渚
减,減
溫,温
凑,湊
涌,湧
灣,湾
濕,湿
滿,満
厵,源
凖,準
澑,溜
㴞,滔
瀧,滝
滯,滞
簄,滬
渗,滲
汻,滸
桼,漆
漢,漢
熳,漫
溌,潑
洯,潔
潛,潜
濳,潜
泻,潟
瀉,潟
澘,潸
澂,澄
澚,澳
瀯,濚
涛,濤
沪,濾
瀘,濾
涜,瀆
潴,瀦
瀨,瀬
澰,瀲
潅,灌
灔,灎
灩,灎
㶚,灞
伙,火
燈,灯
㚑,灵
灾,災
烖,災
爐,炉
烱,炯
點,点
爲,為
熢,烽
燌,焚
燓,焚
㷔,焰
焔,焰
熖,焰
燄,焰
燒,焼
凞,煕
熈,煕
熙,煕
凞,煕
烟,煙
㷀,煢
焭,煢
曌,照
瞾,照
烊,煬
煑,煮
煮,煮
鎔,熔
熺,熹
爗,燁
尞,燎
粦,燐
鷰,燕
烛,燭
爕,燮
熏,燻
烬,燼
鑠,爍
爤,爛
𣝣,爵
伱,爾
你,爾
尒,爾
尓,爾
您,爾
丬,爿
墻,牆
牗,牖
犂,犁
犧,犠
㸿,犢
豺,犲
豻,犴
狀,状
豾,狉
貉,狢
獨,独
狹,狭
猍,狸
貍,狸
猘,狾
虓,猇
貎,猊
獵,猟
狌,猩
豬,猪
猪,猪
貓,猫
獻,献
貒,猯
獦,猲
獱,猵
犹,猶
猨,猿
貘,獏
麞,獐
獸,獣
玁,獫
蠼,玃
貜,玃
卛,率
瑇,玳
珎,珍
玨,珏
瓔,珱
碔,珷
瑯,琅
琢,琢
珡,琴
琹,琴
碯,瑙
璢,瑠
琑,瑣
璡,瑨
瓌,瑰
瑤,瑶
壐,璽
瓚,瓉
甁,瓶
甆,瓷
瓯,甌
磚,甎
侽,男
甼,町
畫,画
畎,甽
堺,界
畍,界
畄,留
畱,留
㽗,畝
畆,畝
畒,畝
畞,畝
𤰖,畝
畧,略
畬,畭
畲,畭
叠,畳
疂,畳
疉,畳
疊,畳
疅,畺
畴,疇
踈,疎
䟽,疏
肬,疣
皰,疱
𫞬,痙
瘦,痩
癡,痴
痹,痺
疴,痾
癅,瘤
瘘,瘻
瘺,瘻
瘉,癒
臞,癯
癕,癰
臃,癰
發,発
僜,登
晈,皎
皋,皐
晥,皖
凒,皚
暭,皞
皡,皞
靤,皰
皹,皸
盁,盈
盜,盗
簠,盙
譼,監
蘯,盪
縣,県
眞,真
眦,眥
惥,睚
睤,睥
𥆩,睨
覩,睹
𥈞,瞞
瞪,瞠
矒,瞢
暸,瞭
矙,瞰
𥇥,瞼
瞩,矚
矤,矧
訠,矧
磇,砒
硏,研
碎,砕
厎,砥
碪,砧
礪,砺
椗,碇
矴,碇
礙,碍
碑,碑
埦,碗
碻,確
礠,磁
厇,磔
硪,礒
砿,礦
䃯,礫
禮,礼
社,社
禴,礿
祈,祈
祉,祉
祐,祐
鿆,祓
祖,祖
祝,祝
神,神
祥,祥
稟,禀
祿,禄
禪,禅
禍,禍
禎,禎
福,福
祢,禰
祷,禱
籼,秈
秌,秋
穐,秋
龝,秋
粃,秕
祕,秘
稱,称
穪,称
稭,秸
薭,稗
稺,稚
穉,稚
稻,稲
藳,稿
糓,穀
穀,穀
穗,穂
粇,穅
頴,穎
穩,穏
穰,穣
宆,穹
宊,突
突,突
竊,窃
窳,窊
囱,窓
牎,窓
牕,窓
窗,窓
窻,窓
漥,窪
竆,窮
窑,窯
窰,窯
䆴,竈
灶,竈
竃,竈
𥧄,竈
龍,竜
龒,竜
豎,竪
篪,竾
筇,笻
箲,筅
笔,筆
觔,筋
笋,筍
箰,筍
栰,筏
筺,筐
笧,策
篦,箆
个,箇
䇳,箋
牋,箋
笟,箍
筝,箏
箟,箘
篛,箬
節,節
笵,範
匧,篋
籆,篗
筱,篠
筿,篠
簁,篩
籭,篩
蔶,簀
𥱋,簗
箪,簞
兂,簪
籒,籀
筹,籌
簱,籏
籘,籐
篭,籠
籖,籤
龠,籥
粹,粋
黏,粘
肅,粛
俼,粥
鬻,粥
秔,粳
稉,粳
𥻘,粼
糉,粽
餱,糇
餻,糕
饎,糦
粮,糧
絲,糸
糺,糾
綋,紘
帋,紙
絍,紝
綷,紣
縲,累
綗,絅
靽,絆
纊,絋
經,経
緪,絚
縧,絛
綂,統
繪,絵
繼,継
續,続
賡,続
叕,綴
緜,綿
摠,総
緫,総
總,総
綠,緑
緖,緒
纃,緕
綫,線
緍,緡
練,練
緣,縁
繩,縄
縉,縉
縱,縦
馽,縶
繁,繁
綳,繃
纎,繊
纖,繊
繍,繡
繋,繫
絸,繭
蠒,繭
韁,繮
纘,纉
纒,纏
䋝,纓
䌫,纜
缻,缶
罐,缶
瓨,缸
甖,罌
罓,网
罸,罰
署,署
嗎,罵
羇,羈
覉,羈
覊,羈
羗,羌
羐,羑
羣,群
羴,羶
羮,羹
翆,翠
飜,翻
燿,耀
者,者
耈,耇
耊,耋
畊,耕
槈,耨
鎒,耨
聃,耼
躭,耽
垩,聖
聦,聡
聰,聡
聨,聯
𮋹,聳
聽,聴
聀,職
軄,職
肈,肇
宍,肉
脵,股
肎,肯
厶,肱
厷,肱
毓,育
伷,胄
膻,胆
膽,胆
肧,胚
脋,脅
脃,脆
脺,脆
䏮,脇
𦚰,脇
脉,脈
踋,脚
踁,脛
𦙾,脛
匘,脳
腦,脳
痮,脹
腗,脾
倎,腆
顋,腮
膓,腸
膐,膂
腟,膣
饍,膳
脍,膾
鱠,膾
臋,臀
𦜝,臍
髕,臏
臟,臓
卧,臥
臰,臭
臭,臭
㫪,舂
𣇃,舂
舍,舎
䑛,舐
舓,舐
舖,舗
鋪,舗
柁,舵
舩,船
艣,艪
舮,艫
囏,艱
艷,艶
豓,艶
豔,艶
𦫿,艾
蘆,芦
芲,花
秇,芸
藝,芸
蒭,芻
荑,苐
苢,苡
偀,英
莓,苺
莖,茎
荔,茘
絥,茯
茊,茲
莕,荇
莊,荘
蔐,荻
蒞,莅
荚,莢
菟,莵
莾,莽
葘,菑
蕐,華
苽,菰
蔆,菱
葅,菹
莱,萊
萠,萌
蓱,萍
蕿,萱
藼,萱
蘐,萱
茰,萸
蕚,萼
著,著
薓,葠
塟,葬
蔥,葱
蔕,蒂
蔳,蒨
盖,蓋
葢,蓋
簑,蓑
簔,蓑
蒓,蓴
蒋,蔣
䕃,蔭
𦹥,蔭
𨼲,蔭
薼,蔯
匨,蔵
藏,蔵
蕋,蕊
蘂,蕊
䔥,蕭
蘊,薀
葪,薊
薰,薫
蘍,薫
藥,薬
藷,薯
萕,薺
稾,藁
蘽,藟
虆,藟
䉤,藪
籔,藪
薮,藪
蘓,蘇
蘒,蘒
夔,虁
乕,虎
虝,虎
虗,虚
虛,虚
擄,虜
虜,虜
蟲,虫
虯,虬
蝨,虱
蚉,蚊
蟁,蚊
蜹,蚋
蜯,蚌
蝅,蚕
蠶,蚕
蠺,蚕
螈,蚖
虵,蛇
螢,蛍
蚴,蛔
蠻,蛮
螧,蛯
䖸,蛾
蠭,蜂
猬,蝟
蝼,螻
蟆,蟇
蠎,蟒
蝉,蟬
蠏,蟹
螘,蟻
蝿,蠅
蝡,蠕
蝋,蠟
蟸,蠡
蛎,蠣
螙,蠧
蠹,蠧
衂,衄
眾,衆
衞,衛
袵,衽
帒,袋
絝,袴
裌,袷
裝,装
裡,裏
朇,裨
裵,裴
惼,褊
褏,褎
褐,褐
裒,褒
襃,褒
緥,褓
襌,褝
㐮,襄
韈,襪
擷,襭
襽,襴
𧜎,襷
灞,覇
霸,覇
䂓,規
覔,覓
眎,視
視,視
覐,覚
覺,覚
覽,覧
覷,覰
觀,観
覼,覶
觶,觗
觧,解
觸,触
觹,觽
觿,觽
譌,訛
譯,訳
哬,訶
證,証
呧,詆
咏,詠
訽,詬
譽,誉
唀,誘
讀,読
竩,誼
諼,諠
讍,諤
諌,諫
諸,諸
謁,謁
諡,謚
謠,謡
讁,謫
譾,謭
𧦅,謳
謹,謹
譖,譛
噡,譫
讓,譲
讚,讃
讎,讐
岈,谺
豐,豊
豘,豚
貇,豤
貔,豼
鼦,貂
㒵,貌
皃,貌
蛽,貝
戝,財
贓,賍
賓,賓
贊,賛
贒,賢
賎,賤
劕,質
貭,質
贈,贈
赱,走
趦,趑
蹺,趬
踸,趻
蹟,跡
迹,跡
踐,践
踴,踊
蹤,踪
蹏,蹄
𨂻,蹈
𮛪,蹊
蹹,蹋
躢,蹋
躃,躄
踌,躊
蹰,躊
躕,躊
隮,躋
躪,躙
躳,躬
躯,軀
䡄,軌
轉,転
輕,軽
輛,輌
輶,輏
輙,輒
俌,輔
輺,輜
軰,輩
鎋,轄
輡,轗
輀,轜
軣,轟
轣,轢
𮝩,轢
䡎,轤
𨐌,辛
辝,辞
辤,辞
辭,辞
邉,辺
邊,辺
迤,迆
﨤,返
逈,迥
廹,迫
廼,迺
迯,逃
遘,逅
遒,逎
遞,逓
逸,逸
偪,逼
遲,遅
噵,道
衜,道
衟,道
逹,達
泝,遡
溯,遡
遙,遥
迁,遷
𨗉,邃
迩,邇
郌,邽
郒,郎
郞,郎
郶,部
鄕,郷
都,都
酆,鄷
酇,鄼
丣,酉
醔,酋
醉,酔
醋,酢
酧,酬
醻,酬
醕,醇
餟,醊
醤,醬
醗,醱
釀,醸
衅,釁
釋,釈
埜,野
壄,野
𡌛,野
釚,釓
釻,釓
釡,釜
鎺,鈨
鑪,鈩
鉨,鈮
銕,鉄
鋨,鉄
鐡,鉄
鐵,鉄
鈆,鉛
鍈,鉠
缽,鉢
鈎,鉤
磺,鉱
礦,鉱
鑛,鉱
鑃,銚
銽,銛
衘,銜
錢,銭
焇,銷
𨦇,鋏
鑯,鋟
鎁,鋣
釯,鋩
鑄,鋳
鍿,錙
鍊,錬
錄,録
煅,鍛
鑅,鍠
鍫,鍬
鏓,鍯
鐮,鎌
鏁,鎖
鼒,鎡
鐂,鎦
鎭,鎮
𨪙,鏘
獍,鏡
鏽,鏥
鈬,鐸
鍳,鑑
鑒,鑑
鑽,鑚
𨫝,鑵
兏,長
镸,長
閇,閉
鬧,閙
關,関
剦,閹
閴,闃
濶,闊
𤄃,闊
鬦,闘
鬪,闘
鬭,闘
阸,阨
坨,陀
陁,陀
夅,降
陿,陜
徏,陟
陷,陥
隝,陦
隯,陦
侌,陰
阥,陰
隂,陰
礆,険
險,険
阦,陽
阳,陽
隆,隆
堦,階
隨,随
磒,隕
隟,隙
乚,隠
隱,隠
厸,隣
鄰,隣
騭,隲
𨻫,隴
隸,隷
鳫,雁
鴈,雁
䧺,雄
隽,雋
襍,雑
雜,雑
鵰,雕
鶵,雛
難,難
靁,雷
灵,霊
霛,霊
靈,霊
霢,霡
雺,霧
霚,霧
靎,靍
靏,靍
靜,静
靣,面
頮,靧
靫,靱
靭,靱
鞾,靴
鞉,鞀
鼗,鞀
鞵,鞋
鞹,鞟
碟,鞨
韝,鞲
轁,韜
鞱,韜
韭,韮
韱,韯
齏,韲
韵,韻
响,響
響,響
頥,頤
頬,頰
頚,頸
頻,頻
賴,頼
顏,顔
顯,顕
顛,顚
類,類
髗,顱
鸕,顱
凮,風
飌,風
飃,飄
颮,飆
颷,飆
飇,飆
飈,飆
𩙿,飠
飱,飧
飮,飲
馝,飶
餝,飾
餠,餅
鑜,餉
饟,餉
羪,養
飡,餐
餧,餒
餵,餒
䬻,餞
舘,館
饙,餴
𩜙,饒
驝,馲
驛,駅
敺,駆
駈,駆
驅,駆
駞,駝
騮,駵
驑,駵
騷,騒
騐,験
驗,験
騨,驒
馿,驢
蘎,驥
膸,髄
髓,髄
髹,髤
髮,髪
頾,髭
髥,髯
髩,鬢
鬂,鬢
鬛,鬣
䦰,鬮
䰗,鬮
欝,鬱
蜽,魎
鱮,魣
鮻,魦
黿,魭
鯹,鮏
鮷,鮧
鯷,鮧
鯘,鮾
鰀,鯇
鮉,鯛
鰨,鰈
鰮,鰛
魳,鰤
鱞,鰥
鼇,鰲
鯵,鰺
鱰,鱪
鮝,鱶
鯗,鱶
魲,鱸
鳧,鳬
鸜,鴝
鵄,鴟
鷃,鴳
鵝,鵞
鶫,鶇
雞,鶏
鷄,鶏
𨿸,鶏
鵾,鶤
鴬,鶯
鸖,鶴
鶿,鷀
鷏,鷆
鴎,鷗
鷴,鷳
鴼,鷺
雚,鸛
鵉,鸞
醎,鹹
碱,鹼
鹸,鹼
𢈘,鹿
麅,麃
麤,麄
麥,麦
麬,麩
麸,麩
麹,麴
麪,麺
麵,麺
蔴,麻
麽,麼
黃,黄
黑,黒
默,黙
黭,黤
鱉,鼈
龞,鼈
鼑,鼎
皷,鼓
鼡,鼠
鼹,鼴
賷,齎
齓,齔
齰,齚
𪗱,齟
齡,齢
囓,齧
𪘂,齧
齱,齪
𪘚,齬
腭,齶
臈,﨟
爫,爫
䒑,艹
艹,艹
艹,艹
辶,辶
叱,𠮟
𡑭,𡋗
籅,𥫣
豅,𧯇
