raw_remote_id,name,kana,elevation_m,unified_poi_id,description_text
1,伊吹山,いぶきやま,1377,707,
2,三国岳,みくにだけ,815,11126,
3,養老山,ようろうさん,859,710,
4,池田山,いけだやま,924,9317,
5,小島山,おじまやま,864,9316,
6,鎗ヶ先山,やりがさきやま,966,9314,
7,虎子山,とらすやま,1183,20192,
8,貝月山,かいづきやま,1234,9367,
9,金糞岳,かなくそだけ,1320,706,
10,土蔵岳,つちくらだけ,1002,9391,
11,小津権現山,おづごんげんさん,1158,9399,
12,花房山,はなぶさやま,1190,9400,
13,雷倉,かみなりくら,1169,9401,
14,タンポ,たんぽ,1066,19986,
15,天狗山,てんぐやま,1149,9397,
16,蕎麦粒山,そむぎやま,1297,9393,
17,五蛇池山,ごじゃいけやま,1148,9396,
18,上谷山,うえんだにやま,1083,9426,
19,黒壁,くろかべ,1316,19897,
20,三周ヶ岳,さんしゅうがたけ,1292,705,
21,美濃俣丸,みのまたまる,1254,9421,
22-1,不動山,ふどうさん,1240,9424,
22-2,千回沢山,せんがざわやま,1246,9425,
23,笹ヶ峰,ささがみね,1285,9420,
24,釈迦嶺,しゃかりょう,1175,9436,
25,金草岳,かなくさだけ,1227,9435,
26,冠山,かんむりさん,1257,704,
27,若丸山,わかまるやま,1286,9438,
28,能郷白山,のうごうはくさん,1617,703,
29,高屋山,たかやさん,1136,9429,
30,大白木山,おじろぎやま,1234,18810,
31,越山,おやま,1129,9442,
32,屛風山,びょうぶさん,1354,701,
33,舟伏山,ふなふせやま,1040,9404,
34,日永岳,ひながだけ,1216,9430,
35,ドウの天井,どうのてんじょう,1333,20132,
36,蕪山,かぶらやま,1069,9432,
37,左門岳,さもんだけ,1224,9444,
38,滝波山,たきなみやま,1413,9448,
39,今渕ヶ岳,いまぶちがたけ,1048,9411,
40,瓢ヶ岳,ふくべがたけ,1163,9410,
41,高賀山,こうかさん,1224,700,
42,大洞山,おおぼらやま,1035,18715,
43,母袋烏帽子,もたいえぼし,1341,21057,
44,烏帽子岳,えぼしだけ,1625,9555,
45,鷲ヶ岳,わしがたけ,1672,671,
46,大日ヶ岳,だいにちがたけ,1709,688,
47,毘沙門岳,びしゃもんだけ,1386,9456,
48,野伏ヶ岳,のぶせがたけ,1674,687,
49,願教寺山,がんきょうじやま,1691,686,
50-1,芦倉山,あしくらやま,1717,9568,
50-2,丸山,まるやま,1786,9566,
51,高天良山,たかでらやま,908,9521,
52,屛風山,びょうぶやま,794,9470,
53,ロクロ天井,ろくろてんじょう,1471,21238,
54,焼山,やけやま,1709,1344,
55,恵那山,えなさん,2190,574,
56,富士見台,ふじみだい,1723,18187,
57,南沢山,みなみさわやま,1564,1396,標高を修正
58,笠置山,かさぎやま,1128,9495,
59,二ッ森山,ふたつもりやま,1223,553,
60,尾城山,おしろやま,1133,552,
61,雨乞棚山,あまごいたなやま,1391,9526,
62,三界山,さんかいやま,1600,19447,
63,奥三界山,おくさんがいさん,1811,551,
64,井出ノ小路山,いでのこうじやま,1840,14886,
65,高樽山,たかたるやま,1673,9525,
66,高時山,たかときやま,1563,9523,
67,唐塩山,からしおやま,1609,9541,
68,小秀山,こひでやま,1982,550,
69,三国山,さんごくさん,1611,9536,
70,拝殿山,はいでんやま,1402,9537,
71,白草山,しらくさやま,1640,9534,
72,寺田小屋山,てらだごやさん,1505,9532,
73,八尾山,はちおやま,1101,9530,
74,仏ヶ尾山,ほとけがおやま,1139,9542,
75,御前山,ごぜんやま,1646,9545,
76,若栃山,わかとちやま,1593,9544,
77,御嶽山,おんたけさん,3063,549,
78,六郎洞山,ろくろうぼらやま,1479,9590,
79,船山,ふなやま,1479,9582,
80,位山,くらいやま,1529,669,
81,川上岳,かおれだけ,1626,670,
82,鎌ヶ峰,かまがみね,2121,547,
83,乗鞍岳,のりくらだけ,3026,546,
84,日影平山,ひかげだいらやま,1595,9607,
85,十二ヶ岳,じゅうにがたけ,1327,9613,
86,見量山,みはかやま,997,9598,
87-1,大雨見山,おおあまみやま,1336,668,
87-2,国見山,くにみやま,1318,9612,
88,焼岳,やけだけ,2458,542,
89,錫杖岳,しゃくじょうだけ,2168,518,
90,西穂高岳,にしほだかだけ,2909,541,
91,奥穂高岳,ほだかだけ,3190,539,
92,北穂高岳,きたほだかだけ,3100,537,
93,槍ヶ岳,やりがたけ,3180,533,
94,奥丸山,おくまるやま,2440,2151,
95,笠ヶ岳,かさがたけ,2898,517,
96,双六岳,すごろくだけ,2860,513,
97,三俣蓮華岳,みつまたれんげだけ,2841,491,
98,黒部五郎岳,くろべごろうだけ,2840,512,
99,北ノ俣岳,きたのまただけ,2661,511,
100,寺地山,てらぢやま,1996,9633,
101,桑崎山,くわさきやま,1728,9626,
102,天蓋山,てんがいざん,1527,9625,
103,二十五山,にじゅうごやま,1153,9624,標高を修正
104,流葉山,ながれはやま,1423,9618,
105,猪臥山,いぶせやま,1519,9610,
106,蕎麦角山,そばかどやま,1222,7517,
107,白木峰,しらきみね,1602,662,
108,水無山,みずなしやま,1506,9614,
109,籾糠山,もみぬかやま,1744,7403,
110,猿ヶ馬場山,さるがばんばやま,1875,666,標高を修正
111,火山,ひやま,1379,9577,
112,日照岳,ひでりだけ,1751,9576,
113,別山,べつさん,2399,685,
114,三方崩山,さんぽうくずれやま,2059,681,
115,白山,はくさん,2702,683,
116-1,野谷荘司山,のたにしょうじさん,1797,7402,
116-2,妙法山,みょうほうやま,1776,7400,
117,三方岩岳,さんぽういわだけ,1736,680,
118,人形山,にんぎょうざん,1724,664,
119,オゾウゾ山,おぞうぞやま,1085,7457,
120,笈ヶ岳,おいずるがたけ,1841,679,
